,АБДОМИНОПЛАСТИКА
0,АБСОРБЕНТ
1,АВАЛЬ
2,АВТАРКИЯ
3,АГНОСТИК
4,АДЖИКА
5,АДЪЮНКТУРА
6,АЙПАД
7,АКВАБАЙК
8,АКВЕДУК
9,АКСЕЛЬБАНТ
10,АКТИРОВАНИЕ
11,АЛАВИТ
12,АЛЕКСАНДРИТ
13,АЛЬПИНИАДА
14,АМЕРИКАНИЗАЦИЯ
15,АМФОРА
16,АНГИДРИД
17,АНГЛИЦИЗМ
18,АНДЕРРАЙТЕР
19,АНЕСТЕТИК
20,АНИСОВКА
21,АНТИГЕН
22,АНТИПЕРСПИРАНТ
23,АНТИТЕЗА
24,АНФИЛАДА
25,АПИТЕРАПИЯ
26,АПОЛОГЕТИКА
27,АППЕРКОТ
28,АРАБЕСКА
29,АРГО
30,АРТИКЛЬ
31,АРТСКВАЖИНА
32,АРХЕОГРАФ
33,АСКАРИДА
34,АССЕНИЗАТОР
35,АТМОСФЕРНИК
36,АУКЦИОНЕР
37,АУТСТАФФИНГ
38,АФРИКАНИСТИКА
39,АЦЕТИЛЕН
40,БАГУЛЬНИК
41,БАЗИЛИК
42,БАКАЛАВРИАТ
43,БАКЛАЖКА
44,БАЛАЛАЕЧНИК
45,БАЛЬЗАМИН
46,БАНДЖО
47,БАОБАБ
48,БАРВИНОК
49,БАРОНЕТ
50,БАРСЕТОЧНИК
51,БАРЬЕРИСТ
52,БАТАЛИСТ
53,БАТТЕРФЛЯЙ
54,БАШЛЫК
55,БЕГУНОК
56,БЕЙКА
57,БЕЛЕНА
58,БЕЛЛЕТРИСТ
59,БЕЛОЭМИГРАНТ
60,БЕЛЬЧОНОК
61,БЕНЕФИЦИАР
62,БЕНТОНИТ
63,БЕРИЛЛИЙ
64,БЕССМЕРТНИК
65,БЕФСТРОГАНОВ
66,БИБЛИОТЕКОВЕДЕНИЕ
67,БИБОП
68,БИЛЬЯРДИСТ
69,БИОФАК
70,БИТНИК
71,БЛИСТЕР
72,БОБТЕЙЛ
73,БОКОВИК
74,БОНДАРЬ
75,БОРОВ
76,БОРТНИК
77,БОТОКС
78,БРАЖКА
79,БРОМИД
80,БУДУАР
81,БУКРАННЕР
82,БУРДЮК
83,БУРКА
84,БЬЕФ
85,ВАЙФАЙ
86,ВАЛУЙ
87,ВАНАДИЙ
88,ВАРРАНТ
89,ВАТЕРПОЛИСТ
90,ВЕБМАСТЕР
91,ВЕЙПИНГ
92,ВЕНЕРОЛОГ
93,ВЕРБЛЮДИЦА
94,ВЕРСТАЛЬЩИК
95,ВЕРША
96,ВЕТРОВАЛ
97,ВИВАРИЙ
98,ВИДЖЕТ
99,ВИРШИ
100,ВИТИЛИГО
101,ВОБЛА
102,ВОЕНРУК
103,ВОЛНУШКА
104,ВОЛЧАНКА
105,ВОЛЬТИЖИРОВКА
106,ВОСКРЕСНИК
107,ВОСЬМИУГОЛЬНИК
108,ВТУЛКА
109,ВШИВОСТЬ
110,ВЫКРОЙКА
111,ВЫТАПТЫВАНИЕ
112,ВЬЮН
113,ВЭЙП
114,ГАЙДАРОВЕЦ
115,ГАЛЛ
116,ГАЛЬВАНИК
117,ГАРЬ
118,ГАТЬ
119,ГЕДОНИЗМ
120,ГЕНПОДРЯД
121,ГЕРБАРИЙ
122,ГЕРМАФРОДИТ
123,ГЕРПЕТОЛОГ
124,ГИДРАВЛИК
125,ГИДРОГРАФ
126,ГИДРОТЕХНИК
127,ГИПЕРБОЛИЗАЦИЯ
128,ГИПЕРТЕКСТ
129,ГИПОТИРЕОЗ
130,ГИРЬКА
131,ГЛАГОЛИЦА
132,ГЛАМУР
133,ГЛИЦИНИЯ
134,ГЛЮКОМЕТР
135,ГОЗНАК
136,ГОЛЬМИЙ
137,ГОНЧАР
138,ГОРБИНКА
139,ГОРИХВОСТКА
140,ГОРОДОШНИК
141,ГРАБ
142,ГРАДОБИТИЕ
143,ГРАНУЛЯЦИЯ
144,ГРАЧОНОК
145,ГРИЗЛИ
146,ГРУДИНКА
147,ГУДРОН
148,ГУСАК
149,ГУСЯТНИК
150,ДАДАИСТ
151,ДАЛЬТОНИК
152,ДАОСИЗМ
153,ДАУНШИФТИНГ
154,ДВОЕНИЕ
155,ДВУСТИШИЕ
156,ДЕБЛОКИРОВАНИЕ
157,ДЕГИДРАТАЦИЯ
158,ДЕЗИНФЕКТОР
159,ДЕЙТЕРИЙ
160,ДЕЛИСТИНГ
161,ДЕЛЬТАПЛАНЕРИСТ
162,ДЕНДРОЛОГ
163,ДЕНУКЛЕАРИЗАЦИЯ
164,ДЕПРИВАТИЗАЦИЯ
165,ДЕСЯТИБОРЕЦ
166,ДЕФЛИМПИАДА
167,ДЕЦИМЕТР
168,ДЖЕНЕРИК
169,ДЖИН
170,ДИАТЕЗ
171,ДИЕТОТЕРАПИЯ
172,ДИЛЕР
173,ДИПЛОМНИК
174,ДИСБАТ
175,ДИСПЕПСИЯ
176,ДИФРАКЦИЯ
177,ДНЕВАЛЬНЫЙ
178,ДОГМАТИК
179,ДОЖДЕВИК
180,ДОЛЛАРИЗАЦИЯ
181,ДОМКОМ
182,ДОННИК
183,ДРЕСС-КОД
184,ДРОВНИ
185,ДУАЛИЗМ
186,ДУШЕПРИКАЗЧИК
187,ДЮРАЦИЯ
188,ЕВРАЗИЙСТВО
189,ЕКТЕНИЯ
190,ЖАКО
191,ЖБАН
192,ЖЕРЛО
193,ЖИЛЕТКА
194,ЖИРОК
195,ЖУЖЖАНИЕ
196,ЗАВЕЩАТЕЛЬ
197,ЗАДАЧНИК
198,ЗАКЛАДНАЯ
199,ЗАПАСКА
200,ЗАРЕГУЛИРОВАННОСТЬ
201,ЗАСЕКА
202,ЗАТОВАРИВАНИЕ
203,ЗВЕРОВОД
204,ЗЕМЛЕКОП
205,ЗЕРКАЛКА
206,ЗИМОРОДОК
207,ЗОБ
208,ЗОМАН
209,ЗОРОАСТРИЗМ
210,ЗЫБЬ
211,ИВНЯК
212,ИГРОМАН
213,ИЕГОВИСТ
214,ИЗГОТОВКА
215,ИЗРАЗЕЦ
216,ИКЕБАНА
217,ИНДУКТИВНОСТЬ
218,ИНОАГЕНТ
219,ИНСТИТУЦИОНАЛИЗАЦИЯ
220,ИНТЕНДАНТ
221,ИНТЕРН
222,ИНФОГРАФИКА
223,ИНЯЗ
224,ИПОХОНДРИЯ
225,ИСЛАМОФОБИЯ
226,ИСТОРИОГРАФ
227,КАБАРГА
228,КАВАТИНА
229,КАДИЛО
230,КАЗАРКА
231,КАЙТБОРДИНГ
232,КАЛОРИФЕР
233,КАЛЬВИНИСТ
234,КАЛЬЦИТ
235,КАМЕНОЛОМНЯ
236,КАМЕЯ
237,КАМФОРА
238,КАНДИЛЬ
239,КАНЦЕЛЯРИЗМ
240,КАПИТЕЛЬ
241,КАПСТРАНА
242,КАРАГАЧ
243,КАРАМБОЛЬ
244,КАРБУНКУЛ
245,КАРИАТИДА
246,КАРТОДРОМ
247,КАРШЕРИНГ
248,КАТАЛОГИЗАЦИЯ
249,КАТОРЖНИК
250,КАЧАЛКА
251,КВАКША
252,КЕДРАЧ
253,КЕЙТЕРИНГ
254,КЕССОН
255,КИЗИЛ
256,КИПРЕЙ
257,КИСЕТ
258,КИТАЕВЕДЕНИЕ
259,КИШМИШ
260,КЛЕММА
261,КЛИРИНГ
262,КЛИЧ
263,КНИГОЧЕЙ
264,КОАЛА
265,КОВОРКИНГ
266,КОГЕНЕРАЦИЯ
267,КОЗЛЫ
268,КОЗОДОЙ
269,КОЛЛИ
270,КОЛОРИСТ
271,КОЛЬРАБИ
272,КОМБРИГ
273,КОМИССИОНКА
274,КОМПОСТИРОВАНИЕ
275,КОНДОМИНИУМ
276,КОНСПИРОЛОГИЯ
277,КОНТОРКА
278,КОНТРАМАРКА
279,КОНФУЦИАНСТВО
280,КОРЕЙКА
281,КОРОНАРОГРАФИЯ
282,КОРОСТЕЛЬ
283,КОСМЫ
284,КОСОГОР
285,КОТИЛЬОН
286,КОШАРА
287,КРАБОЛОВ
288,КРАСНОДЕРЕВЩИК
289,КРАУДФАНДИНГ
290,КРЕСТНИЦА
291,КРИЛЬ
292,КРИПТОН
293,КРИТИКАНСТВО
294,КРОВНИК
295,КРОЛИКОВОД
296,КРОЛЬЧАТНИК
297,КРУЖЕВОПЛЕТЕНИЕ
298,КРУШИНА
299,КРЫЛАТКА
300,КРЯКВА
301,КУБИЗМ
302,КУКУРУЗНИК
303,КУЛЬМАН
304,КУПОРОС
305,КУСАЧКИ
306,ЛАГ
307,ЛАКТАЦИЯ
308,ЛАНГУСТ
309,ЛЕБЕДА
310,ЛЕГИОНЕЛЛА
311,ЛЕЖБИЩЕ
312,ЛЕММИНГ
313,ЛЕНИНИЗМ
314,ЛЕСОВЕДЕНИЕ
315,ЛЖЕМИНИРОВАНИЕ
316,ЛИБРЕТТИСТ
317,ЛИЛИЯ
318,ЛИНОГРАВЮРА
319,ЛИПОМА
320,ЛИСТЕРИЯ
321,ЛИФ
322,ЛОБСТЕР
323,ЛОДОЧНИК
324,ЛОНЖЕРОН
325,ЛОУКОСТЕР
326,ЛЬГОТИРОВАНИЕ
327,ЛЮБВЕОБИЛЬНОСТЬ
328,ЛЮРЕКС
329,ЛЯЗГ
330,МАГИСТРАНТ
331,МАГНИТИК
332,МАЗОК
333,МАЙОЛИКА
334,МАЛИННИК
335,МАМАЛЫГА
336,МАНДОЛИНА
337,МАНОМЕТР
338,МАРАКАС
339,МАРЖА
340,МАРТЕН
341,МАСТИФ
342,МАХОРКА
343,МАШИНОВЕДЕНИЕ
344,МЕДИАНА
345,МЕЗАЛЬЯНС
346,МЕЛАНЖ
347,МЕЛИРОВАНИЕ
348,МЕЛЬТЕШЕНИЕ
349,МЕМУАРЫ
350,МЕНУЭТ
351,МЕРИНОС
352,МЕТРОЛОГ
353,МИКОЛОГ
354,МИКРОЦИРКУЛЯЦИЯ
355,МИНВАТА
356,МИННАЦ
357,МИОКАРДИТ
358,МИСТИФИКАТОР
359,МНОГОЖЕНЕЦ
360,МНОГОПОЛЯРНОСТЬ
361,МОГУЛ
362,МОДЕРАЦИЯ
363,МОЛОЗИВО
364,МОЛОЧАЙ
365,МОНОКЛЬ
366,МОНОНУКЛЕОЗ
367,МОНУМЕНТАЛИСТ
368,МОРЖЕВАНИЕ
369,МОРОЖЕНОЕ
370,МОРТИРА
371,МОТОВОЗ
372,МОТЫГА
373,МОШКАРА
374,МУЗЕЕФИКАЦИЯ
375,МУКОЕД
376,МУЛИНЕ
377,МУЛЬТИКУЛЬТУРНОСТЬ
378,МУМИФИКАЦИЯ
379,МУХОБОЙКА
380,МУШТРА
381,МЯКИШ
382,НАБЕРЕЖНАЯ
383,НАГУЛ
384,НАДОМНИК
385,НАКОПИТЕЛЬСТВО
386,НАМОЛОТ
387,НАПЕРСТОЧНИК
388,НАРОДНИЧЕСТВО
389,НАСЕСТ
390,НАСТРОЙЩИК
391,НАТЯЖИТЕЛЬ
392,НАЧШТАБ
393,НЕВРИТ
394,НЕГАТИВИЗМ
395,НЕДОНОСИТЕЛЬСТВО
396,НЕИЗБРАНИЕ
397,НЕКТАРИН
398,НЕОКЛАССИЦИЗМ
399,НЕПРОТИВЛЕНИЕ
400,НЕСЕССЕР
401,НЕТБУК
402,НИВЕЛИР
403,НИОБИЙ
404,НОКТЮРН
405,НОСТРИФИКАЦИЯ
406,НУДИСТ
407,НУТРИЯ
408,ОБЕДНЯ
409,ОБЕРТОН
410,ОБОЖЕСТВЛЕНИЕ
411,ОБСТРОЙКА
412,ОБУХ
413,ОВЕРБУКИНГ
414,ОВЦЕБЫК
415,ОГАРОК
416,ОГРАНЩИК
417,ОДНОКЛУБНИК
418,ОЗЕЛЕНИТЕЛЬ
419,ОКАЗИЯ
420,ОКОТ
421,ОКУЛЯР
422,ОНДАТРА
423,ОПОРНИК
424,ОПРЕСНИТЕЛЬ
425,ОПТОВКА
426,ОРАНГУТАН
427,ОРГСТЕКЛО
428,ОРЛИК
429,ОСВЕЖИТЕЛЬ
430,ОСИННИК
431,ОСОКА
432,ОСТОЙЧИВОСТЬ
433,ОТБЕЛИВАТЕЛЬ
434,ОТКРЫВАЛКА
435,ОТРАВИТЕЛЬ
436,ОЧЕЛОВЕЧИВАНИЕ
437,ПАДИШАХ
438,ПАКЕТИРОВАНИЕ
439,ПАЛАШ
440,ПАНИБРАТСТВО
441,ПАНКРАТИОН
442,ПАНТОГРАФ
443,ПАПАМОБИЛЬ
444,ПАРАЗИТОЛОГ
445,ПАРАТИФ
446,ПАРЕЗ
447,ПАРКОМАТ
448,ПАРОВАРКА
449,ПАРТАППАРАТ
450,ПАСПОРТИЗАЦИЯ
451,ПАСТЕРНАК
452,ПАТИССОН
453,ПАУЭРЛИФТИНГ
454,ПЕЛЕНАНИЕ
455,ПЕМЗА
456,ПЕРГОЛА
457,ПЕРЕДВИЖНИК
458,ПЕРЕЛЕСОК
459,ПЕРЕПИСЧИК
460,ПЕРЕСТУК
461,ПЕРИОДИЗАЦИЯ
462,ПЕРФЕКЦИОНИЗМ
463,ПЕСТИК
464,ПЕТРОГРАФИЯ
465,ПИВБАР
466,ПИЖМА
467,ПИЛЬЩИК
468,ПИОН
469,ПИСК
470,ПИТЧЕР
471,ПЛАКАТИСТ
472,ПЛАНЕТОХОД
473,ПЛАСТИФИКАТОР
474,ПЛЕВРИТ
475,ПЛОМБИР
476,ПЛЫВУН
477,ПНЕВМОКОКК
478,ПОВЕТРИЕ
479,ПОГАНКА
480,ПОДГОРАНИЕ
481,ПОДОБОСТРАСТИЕ
482,ПОДОСИНОВИК
483,ПОДСТАКАННИК
484,ПОДУШЕВОЙ
485,ПОИЛКА
486,ПОЛЕВОД
487,ПОЛИАМИД
488,ПОЛИЭСТЕР
489,ПОЛОВИК
490,ПОЛУАВТОМАТ
491,ПОЛУНОЧНИК
492,ПОЛУПУСТЫНЯ
493,ПОЛУТЯЖ
494,ПОМАЗОК
495,ПОНЧО
496,ПОРАЖЕНЧЕСТВО
497,ПОРТУПЕЯ
498,ПОСЛЕДЫШ
499,ПОСТМОДЕРНИСТ
500,ПОЧВОВЕД
501,ПРАПРАБАБУШКА
502,ПРЕРИЯ
503,ПРЕТ-А-ПОРТЕ
504,ПРИВАТИЗАТОР
505,ПРИКУП
506,ПРИЛУНЕНИЕ
507,ПРИМУС
508,ПРИПАЙ
509,ПРИТВОР
510,ПРИЩЕПКА
511,ПРОБОР
512,ПРОЙМА
513,ПРОЛЕЖЕНЬ
514,ПРОПИЛЕН
515,ПРОСТЕНОК
516,ПРОТРАВИТЕЛЬ
517,ПРОУШИНА
518,ПРОЦЕССИНГ
519,ПРЯДИЛЬЩИЦА
520,ПСАЛТИРЬ
521,ПУБЛИКАТОР
522,ПУЛЬСАР
523,ПУСТЕЛЬГА
524,ПЫРЕЙ
525,ПЯТИДВЕРКА
526,ПЯТИУГОЛЬНИК
527,РАДИОФИКАЦИЯ
528,РАЗБАЛАНСИРОВКА
529,РАЗГОВЕНИЕ
530,РАЗОРИТЕЛЬ
531,РАКИТА
532,РАСКОНСЕРВАЦИЯ
533,РАСПОРКА
534,РАССЕЛИНА
535,РАССТЕГАЙ
536,РАФИНАД
537,РАФТИНГ
538,РЕАЛИЯ
539,РЕВЕНЬ
540,РЕВМАТОЛОГ
541,РЕГЛАН
542,РЕДЕВЕЛОПМЕНТ
543,РЕДУТ
544,РЕЗЕКЦИЯ
545,РЕКАПИТАЛИЗАЦИЯ
546,РЕЛИГИОВЕД
547,РЕНЕГАТ
548,РЕПЕЛЛЕНТ
549,РЕТИНОЛ
550,РЕФРАКТОР
551,РИЗЕНШНАУЦЕР
552,РИККЕТСИОЗ
553,РИСОВАЛЬЩИК
554,РИФ
555,РОГОЗ
556,РОЗАРИЙ
557,РОСЯНКА
558,РУБИДИЙ
559,РУКОМОЙНИК
560,РУМБ
561,РЫБОВОД
562,РЯБИНОВКА
563,САБЛИСТ
564,САЖЕНЬ
565,САКЭ
566,САМОЕД
567,САМОУЧИТЕЛЬ
568,САНАТОР
569,САНПИН
570,САРКОМА
571,САХАРНИЦА
572,СВЕТОМУЗЫКА
573,СВИРЕЛЬ
574,СВОП
575,СВОЯЧЕНИЦА
576,СЕГВЕЙ
577,СЕЗОННОСТЬ
578,СЕКСТА
579,СЕКЬЮРИТИЗАЦИЯ
580,СЕМИБОРЬЕ
581,СЕНБЕРНАР
582,СЕРВИТУТ
583,СЕРПЕНТАРИЙ
584,СИБАРИТ
585,СИЛОМЕР
586,СИНТЕПОН
587,СИРИН
588,СКАНДИЙ
589,СКЕЙТБОРДИСТ
590,СКИПИДАР
591,СКРАБ
592,СКУЛЬПТУРКА
593,СЛЕПЕНЬ
594,СЛИЗНЯК
595,СЛОВЕСНИК
596,СЛЮДА
597,СМАЛЬТА
598,СНЕТОК
599,СНОУКАЙТИНГ
600,СОБОРОВАНИЕ
601,СОЗЕРЦАТЕЛЬ
602,СОЛЕВАРНЯ
603,СОЛОНКА
604,СОННИК
605,СОРОКОНОЖКА
606,СОСНЯК
607,СОУЛ
608,СПАЗМОЛИТИК
609,СПЛАВЩИК
610,СПРАВОРОСС
611,СТАГФЛЯЦИЯ
612,СТАТОР
613,СТЕКОЛЬЩИК
614,СТЕП
615,СТЕЧКИН
616,СТИНГЕР
617,СТОИЦИЗМ
618,СТРАТИФИКАЦИЯ
619,СТРИП
620,СТРОЙБАТ
621,СТЯЖАТЕЛЬ
622,СУКА
623,СУПЕРЛУНИЕ
624,СУПИНАТОР
625,СУРЕПИЦА
626,СУСПЕНЗИЯ
627,СУТЯЖНИЧЕСТВО
628,СФИНКС
629,СХОДНИ
630,СЫРОВАР
631,СЫРОДЕЛИЕ
632,ТАБАКОВОДСТВО
633,ТАЙМЕНЬ
634,ТАКСИДЕРМИСТ
635,ТАЛЬ
636,ТАНКОСТРОЕНИЕ
637,ТАРАНТЕЛЛА
638,ТАТУАЖ
639,ТВИТ
640,ТЕЗОИМЕНИТСТВО
641,ТЕЛЕКИНЕЗ
642,ТЕЛЕСА
643,ТЕЛЕТРАП
644,ТЕРМИТ
645,ТЕРРАКОТА
646,ТЕФТЕЛИ
647,ТИПИЗАЦИЯ
648,ТИРЕОТОКСИКОЗ
649,ТОЙОТА
650,ТОЛЬ
651,ТОПОРИЩЕ
652,ТОРПЕДОНОСЕЦ
653,ТОЧМАШ
654,ТРАВЕСТИ
655,ТРАНЗИТНИК
656,ТРАНСИВЕР
657,ТРАХОМА
658,ТРЕПАК
659,ТРИГОНОМЕТРИЯ
660,ТРИТИЙ
661,ТРОЕБОРЕЦ
662,ТРОПОСФЕРА
663,ТРЮМО
664,ТУЖУРКА
665,ТУТОВНИК
666,ТХЭКВОНДИСТ
667,ТЮЛЬКА
668,УКЛАДЧИК
669,УКОС
670,УНИАТ
671,УРЮК
672,ФАКТОРИНГ
673,ФАМИЛЬЯРНОСТЬ
674,ФАСТБЭК
675,ФЕДЕРАЛИЗАЦИЯ
676,ФЕЛЬЕТОНИСТ
677,ФЕНИЛКЕТОНУРИЯ
678,ФИАНИТ
679,ФИЗТЕХ
680,ФИНВАЛ
681,ФИСКАЛИЗАЦИЯ
682,ФИТОФТОРА
683,ФЛЕГМАТИК
684,ФЛОКС
685,ФЛУКТУАЦИЯ
686,ФОКСТЕРЬЕР
687,ФОРЗАЦ
688,ФОРМОВАНИЕ
689,ФОРУМЧАНИН
690,ФОСФОГИПС
691,ФРАМУГА
692,ФРЕКИНГ
693,ФРИСТАЙЛЕР
694,ФТОРИРОВАНИЕ
695,ФУЗАРИОЗ
696,ФУНКЦИОНАЛИЗМ
697,ФЭНТЕЗИ
698,ХАЛЯЛЬ
699,ХАРЧО
700,ХЕК
701,ХИМЛАБОРАТОРИЯ
702,ХИНА
703,ХЛАМИДИОЗ
704,ХЛОПУШКА
705,ХЛОРИРОВАНИЕ
706,ХМЕЛЕВОДСТВО
707,ХОЛЕРИК
708,ХРУЩ
709,ХУТОРЯНИН
710,ЦЕЛЕУКАЗАТЕЛЬ
711,ЦЕНТРОВКА
712,ЦЕРЕМОНИЙМЕЙСТЕР
713,ЦИКАДА
714,ЦИМБАЛИСТ
715,ЧАВКАНЬЕ
716,ЧАСОСЛОВ
717,ЧАХОТКА
718,ЧЕПЕЦ
719,ЧЕРЕПОК
720,ЧЕРЛИДЕРША
721,ЧЕЧЕТ
722,ЧИЖИК
723,ЧИРЛИДЕРША
724,ЧИСТИК
725,ЧУБ
726,ЧУМКА
727,ШАЛОПАЙ
728,ШАШИСТ
729,ШЕЛКОВОДСТВО
730,ШЕСТИЛЕТИЕ
731,ШИНОМОНТАЖНИК
732,ШИРИНКА
733,ШЛАКОБЛОК
734,ШЛЕМОФОН
735,ШОМПОЛ
736,ШПАЖКА
737,ШПАТЕЛЬ
738,ШПИЦ
739,ШТАКЕТНИК
740,ШТРЕЙКБРЕХЕР
741,ШУНТ
742,ЩИТОВКА
743,ЭКВАЙЕР
744,ЭКЗОСКЕЛЕТ
745,ЭКОНОМФАК
746,ЭКРАНОПЛАН
747,ЭКСЛИБРИС
748,ЭЛАСТОМЕР
749,ЭЛЕФАНТИАЗ
750,ЭМФИЗЕМА
751,ЭНУРЕЗ
752,ЭПИЛЕПСИЯ
753,ЭПОЛЕТ
754,ЭСКАРП
755,ЭТИЛ
756,ЭТОЛОГИЯ
757,ЭЯКУЛЯЦИЯ
758,ЯГЕЛЬ
759,ЯПОНИСТ
760,ЯТАГАН
